{"cameraMode":{"drawMode":2,"name":"Shaded Wireframe","section":"Shading Mode"},"sceneLighting":true,"audioPlay":false,"sceneViewState":{"showFog":true,"showMaterialUpdate":false,"showSkybox":true,"showFlares":true,"showImageEffects":true,"showParticleSystems":true},"in2DMode":false,"pivot":{"x":-0.19699999690055848,"y":0.7529999613761902,"z":0.3630000352859497},"rotation":{"x":0.22585995495319367,"y":-0.09335224330425263,"z":0.021748874336481096,"w":0.9694327116012573},"size":1.4437265396118165,"orthographic":false}